loss,accuracy,val_loss,val_accuracy
1.6087106466293335,0.18052014708518982,1.6072708368301392,0.16700610518455505
0.8559800982475281,0.6991330981254578,0.6336180567741394,0.7739307284355164
0.50750333070755,0.819989800453186,0.487034410238266,0.837067186832428
0.39970946311950684,0.8597654104232788,0.4991121292114258,0.8289205431938171
0.349107950925827,0.8811830878257751,0.5258969068527222,0.8309572339057922
0.28322842717170715,0.901580810546875,0.4423081576824188,0.8594704866409302
0.24440814554691315,0.9163691997528076,0.5512570142745972,0.8085539937019348
0.21573811769485474,0.9199388027191162,0.5376175045967102,0.8329938650131226
0.19086448848247528,0.9337072968482971,0.5048883557319641,0.8411405086517334
